# Profile for a Drosophila Splice Acceptor   Note that position 1 is the first base in the exon.,,,,,,,,,,,,,,,|Exon -->,,,,,,,,
,#Pos -14,-13,-12,-11,-10,-9,-8,-7,-6,-5,-4,-3,-2,-1,1,2,3,4,5,6,7,8,9
,#,,,,,,,,,,,,,,,,,,,,,,
,#Probability Table:,,,,,,,,,,,,,,,,,,,,,,
WINDOW_SIZE,23,,,,,,,,,,,,,,,,,,,,,,
EXON_OFFSET,14,,,,,,,,,,,,,,,,,,,,,,
MODEL_PRIOR_PROB,0.13,,,,,,,,,,,,,,,,,,,,,,
A_PROFILE,0.21,0.21,0.22,0.2,0.19,0.19,0.22,0.19,0.12,0.11,0.27,0.05,1,0,0.31,0.23,0.22,0.25,0.25,0.25,0.25,0.25,0.25
C_PROFILE,0.21,0.23,0.16,0.24,0.24,0.36,0.32,0.31,0.26,0.22,0.2,0.67,0,0,0.22,0.23,0.3,0.25,0.25,0.25,0.25,0.25,0.25
T_PROFILE,0.5,0.46,0.53,0.47,0.47,0.39,0.37,0.41,0.54,0.6,0.26,0.28,0,0,0.14,0.37,0.25,0.25,0.25,0.25,0.25,0.25,0.25
G_PROFILE,0.08,0.1,0.09,0.09,0.1,0.06,0.1,0.08,0.08,0.06,0.27,0,0,1,0.34,0.17,0.23,0.25,0.25,0.25,0.25,0.25,0.25
